width_m,flow_rate_empirical,n_peds,duration_s,flow_rate_sim,flow_rate_std,abs_error,rel_error,rel_error_pct
2.4,5.124658780709736,352,68.6875,3.547312899354837,0.0983261629829576,-1.577345881354899,-0.3077952989362632,-30.779529893626318
3.0,5.812108559498956,348,59.875,4.272052623031679,0.1058703579311365,-1.5400559364672768,-0.2649737045861443,-26.497370458614427
3.6,6.939281288723668,350,50.4375,4.5917283902414585,0.1691537287397248,-2.34755289848221,-0.33829914090627555,-33.829914090627554
4.4,7.788595271210013,350,44.9375,5.100762625785377,0.182284060972215,-2.6878326454246357,-0.3450985128679131,-34.50985128679131
5.0,9.218543046357617,348,37.75,5.266071108597401,0.2209186168539026,-3.952471937760216,-0.4287523438231269,-42.87523438231269
