scenario,config,seed,wall_time_s,n_steps,evacuation_time,mean_speed,max_density,collision_count,flow_rate,agents_exited,mean_risk,max_risk,time_above_critical
BottleneckScenario,C4,42,80.23307625000598,1138,11.379999999999802,0.9418346056127096,1.768388256576615,33,4.393673110720639,50,0.0,0.0,0
BottleneckScenario,C4,43,81.47414208299597,1275,12.749999999999773,0.9184294134200773,1.768388256576615,29,3.9215686274510504,50,0.0,0.0,0
BottleneckScenario,C4,44,67.37331620798795,1156,11.559999999999798,0.9689096727911726,1.768388256576615,25,4.32525951557101,50,0.0,0.0,0
