scenario,config,seed,wall_time_s,n_steps,evacuation_time,mean_speed,max_density,collision_count,flow_rate,agents_exited,mean_risk,max_risk,time_above_critical
BottleneckScenario,C3,42,85.19977554198704,3336,33.36000000000193,0.4784633926060845,1.768388256576615,59,1.498800959232527,50,0.0,0.0,0
BottleneckScenario,C3,43,78.33779570899787,3795,37.95000000000102,0.45476518808547794,1.768388256576615,40,1.3175230566534561,50,0.0,0.0,0
BottleneckScenario,C3,44,81.27987337499508,3220,32.20000000000216,0.48841797475458626,1.768388256576615,33,1.5527950310557963,50,0.0,0.0,0
