scenario,config,seed,wall_time_s,n_steps,evacuation_time,mean_speed,max_density,collision_count,flow_rate,agents_exited,mean_risk,max_risk,time_above_critical
BottleneckScenario,C1,42,22.526706042001024,1211,12.109999999999786,0.9027343742748983,1.768388256576615,53,4.128819157720964,50,0.0,0.0,0
BottleneckScenario,C1,43,14.784775958978571,1325,13.249999999999762,0.9259604110112685,1.768388256576615,41,3.7735849056604454,50,0.0,0.0,0
BottleneckScenario,C1,44,13.143877082999097,1178,11.779999999999793,1.0092292239784209,1.768388256576615,29,4.244482173174947,50,0.0,0.0,0
