scenario,config,seed,wall_time_s,n_steps,evacuation_time,mean_speed,max_density,collision_count,flow_rate,agents_exited,mean_risk,max_risk,time_above_critical
FunnelScenario,D2,42,81.22842458399828,3000,30.00000000000189,0.6093730359571543,14.571519234191307,4928,5.299999999999666,159,0.0,0.0,22.740000000000002
FunnelScenario,D2,43,89.92653683299432,3000,30.00000000000189,0.6229769701724546,15.137403476295823,5353,5.39999999999966,162,0.0,0.0,22.62
FunnelScenario,D2,44,76.63283687501098,3000,30.00000000000189,0.5992581065098369,14.712990294717436,5228,5.099999999999679,153,0.0,0.0,22.86
