n_agents,ms_per_step,config
20,1.9026200000856381,C1
50,6.85746333329007,C1
100,21.49184333344844,C1
