{
  "A": 1920.4,
  "B": 0.112,
  "rmse": 0.09702330173507197,
  "expected_from_status_json": 0.0908,
  "wall_seconds": 128.39856886863708
}