param_value,rmse,wall_seconds
0.01,0.36081035832564856,192.29539799690247
0.112,0.09702330173507197,300.089143037796
0.3,0.13169914545649497,258.81721115112305
