param_value,rmse,wall_seconds
500.0,0.12860433824766965,145.56323623657227
2000.0,0.09522475319662238,157.32250595092773
4000.0,0.11860344469757526,165.41829085350037
