scenario,config,seed,wall_time_s,n_steps,evacuation_time,mean_speed,max_density,collision_count,flow_rate,agents_exited,mean_risk,max_risk,time_above_critical
BottleneckScenario,C1,42,54.99698220801656,3772,37.720000000001065,0.4575044937968119,1.768388256576615,64,1.3255567338281704,50,0.0,0.0,0
BottleneckScenario,C1,43,78.23684745799983,3762,37.620000000001085,0.46451558624485506,1.768388256576615,56,1.3290802764486591,50,0.0,0.0,0
BottleneckScenario,C1,44,50.32419062498957,3407,34.07000000000179,0.483517144717716,1.768388256576615,40,1.467566774288153,50,0.0,0.0,0
