scenario,config,seed,wall_time_s,n_steps,evacuation_time,mean_speed,max_density,collision_count,flow_rate,agents_exited,mean_risk,max_risk,time_above_critical
BottleneckScenario,C1,42,8.747478165983921,4578,45.77999999999946,0.4021722762613402,1.768388256576615,57,1.092179991262573,50,0.0,0.0,0
BottleneckScenario,C1,43,7.287909834005404,5559,55.58999999999751,0.3581889991266354,1.768388256576615,52,0.899442345745678,50,0.0,0.0,0
BottleneckScenario,C1,44,5.758509499981301,4449,44.48999999999972,0.407127401598883,1.768388256576615,41,1.1238480557428707,50,0.0,0.0,0
BottleneckScenario,C1,45,6.9923299590009265,5278,52.77999999999807,0.3724881413252964,1.768388256576615,44,0.9473285335354648,50,0.0,0.0,0
BottleneckScenario,C1,46,6.766701624990674,4942,49.41999999999874,0.3999712903794341,1.768388256576615,86,1.0117361392149187,50,0.0,0.0,0
