scenario,config,seed,wall_time_s,n_steps,evacuation_time,mean_speed,max_density,collision_count,flow_rate,agents_exited,mean_risk,max_risk,time_above_critical
BottleneckScenario,C4,42,43.779263750009704,1977,19.77000000000029,0.6762131497238475,1.768388256576615,33,2.5290844714213083,50,0.0,0.0,0
BottleneckScenario,C4,43,40.913351584022166,2273,22.730000000000754,0.6326903624572561,1.768388256576615,29,2.199736031676126,50,0.0,0.0,0
BottleneckScenario,C4,44,34.87579074999667,1811,18.11000000000003,0.7087167005559646,1.768388256576615,25,2.760905577029261,50,0.0,0.0,0
BottleneckScenario,C4,45,37.85996212501777,2077,20.770000000000447,0.6698499333401348,1.768388256576615,21,2.407318247472264,50,0.0,0.0,0
BottleneckScenario,C4,46,35.74735358299222,1875,18.75000000000013,0.7247829528748501,1.768388256576615,37,2.666666666666648,50,0.0,0.0,0
