scenario,config,seed,wall_time_s,n_steps,evacuation_time,mean_speed,max_density,collision_count,flow_rate,agents_exited,mean_risk,max_risk,time_above_critical
BottleneckScenario,C4,42,202.0015887080226,3301,33.010000000002,0.48001268720991874,1.768388256576615,33,1.5146925174188721,50,0.0,0.0,0
BottleneckScenario,C4,43,198.87597399999504,3711,37.110000000001186,0.4644713617234497,1.768388256576615,29,1.3473457289139963,50,0.0,0.0,0
BottleneckScenario,C4,44,137.3355367089971,2948,29.48000000000181,0.5208706895867095,1.768388256576615,25,1.6960651289008457,50,0.0,0.0,0
