scenario,config,seed,wall_time_s,n_steps,evacuation_time,mean_speed,max_density,collision_count,flow_rate,agents_exited,mean_risk,max_risk,time_above_critical
CorridorScenario,C2,42,64.3381450829911,3000,30.00000000000189,0.31220780691151473,1.4147106052612919,574,0.43333333333330604,13,0.0,0.0,0
CorridorScenario,C2,43,71.28141812499962,3000,30.00000000000189,0.32103115011884326,1.4147106052612919,487,0.3999999999999748,12,0.0,0.0,0
CorridorScenario,C2,44,77.54737295801169,3000,30.00000000000189,0.30160016771634096,1.4147106052612919,530,0.2999999999999811,9,0.0,0.0,0
