scenario,config,seed,wall_time_s,n_steps,evacuation_time,mean_speed,max_density,collision_count,flow_rate,agents_exited,mean_risk,max_risk,time_above_critical
CorridorScenario,C4,42,98.89949370801332,3000,30.00000000000189,0.32371666039329844,0.7073553026306459,99,0.03333333333333123,1,0.0,0.0,0
CorridorScenario,C4,43,122.75251583300997,3000,30.00000000000189,0.33779770058664577,0.7073553026306459,97,0.03333333333333123,1,0.0,0.0,0
CorridorScenario,C4,44,82.87830391697935,3000,30.00000000000189,0.3330521062631475,0.7073553026306459,75,0.03333333333333123,1,0.0,0.0,0
