scenario,config,seed,wall_time_s,n_steps,evacuation_time,mean_speed,max_density,collision_count,flow_rate,agents_exited,mean_risk,max_risk,time_above_critical
CorridorScenario,C3,42,123.39824800001225,3000,30.00000000000189,0.33420795097466915,0.7073553026306459,134,0.0,0,0.0,0.0,0
CorridorScenario,C3,43,120.61833008402027,3000,30.00000000000189,0.3522634513877438,0.7073553026306459,126,0.03333333333333123,1,0.0,0.0,0
CorridorScenario,C3,44,70.56724820798263,3000,30.00000000000189,0.3274539537239937,0.7073553026306459,98,0.03333333333333123,1,0.0,0.0,0
