scenario,config,seed,wall_time_s,n_steps,evacuation_time,mean_speed,max_density,collision_count,flow_rate,agents_exited,mean_risk,max_risk,time_above_critical
CrossingScenario,C1,42,68.8194989579788,3000,30.00000000000189,0.5149112698842727,1.2025040144720982,46,0.0,0,0.0,0.0,0
CrossingScenario,C1,43,96.94455258300877,3000,30.00000000000189,0.5247848796703654,1.308607309866695,46,0.0,0,0.0,0.0,0
CrossingScenario,C1,44,91.012562332995,3000,30.00000000000189,0.5451492711135727,1.2378717796036305,67,0.0,0,0.0,0.0,0
