scenario,config,seed,wall_time_s,n_steps,evacuation_time,mean_speed,max_density,collision_count,flow_rate,agents_exited,mean_risk,max_risk,time_above_critical
FunnelScenario,D1,42,69.956647916988,3000,30.00000000000189,0.5945190097931409,25.181848773650998,5670,5.93333333333296,178,0.0,0.0,18.73
FunnelScenario,D1,43,61.06440125001245,3000,30.00000000000189,0.593782039800034,24.89890665259874,6320,5.866666666666297,176,0.0,0.0,18.93
FunnelScenario,D1,44,60.89688645899878,3000,30.00000000000189,0.5811195524628728,24.615964531546478,6049,5.799999999999635,174,0.0,0.0,17.55
