scenario,config,seed,wall_time_s,n_steps,evacuation_time,mean_speed,max_density,collision_count,flow_rate,agents_exited,mean_risk,max_risk,time_above_critical
FunnelScenario,D3,42,105.09702075002133,3000,30.00000000000189,0.613955092116056,17.11799832366163,6087,5.39999999999966,162,0.0,0.0,22.04
FunnelScenario,D3,43,94.98133220899035,3000,30.00000000000189,0.6145387989457494,15.844758778926469,5918,5.299999999999666,159,0.0,0.0,22.0
FunnelScenario,D3,44,87.53637087502284,3000,30.00000000000189,0.6285066273262422,15.844758778926469,5560,5.299999999999666,159,0.0,0.0,22.650000000000002
