n_agents,ms_per_step,config
50,6.521415840252303,C1
100,22.621923339902423,C1
200,121.69016832020134,C1
500,213.6532525002258,C1
1000,545.2993850002531,C1
