n_agents,ms_per_step,config
50,22.322752500185743,C1
100,63.68327250005677,C1
200,513.0435966595542,C1
500,2799.126053340151,C1
1000,6750.604940840276,C1
